date,time_entry,time_exit,entry_time,hold_seconds,symbol,strategy,direction,entry_price,exit_price,qty,pnl_usd,pnl_pct,exit_reason,notes
2026-06-30,14:17:15,14:53:05,,,META,bollinger_bounce,long,556.21,552.785,8.98941,-35.1,-0.616,sl,
2026-06-30,15:11:04,15:23:36,,,AAPL,bollinger_bounce,short,287.05,288.445,17.0,-24.39,-0.486,sl,
2026-06-30,15:16:18,15:43:27,,,AMD,bollinger_bounce,short,564.65,571.5,8.0,-286.42,-1.213,sl,
2026-06-30,15:35:07,16:41:52,,,GOOGL,bollinger_bounce,short,356.23,358.275,13.0,-55.98,-0.574,sl,
2026-06-30,15:10:02,17:08:01,,,META,bollinger_bounce,long,554.145,559.33,9.006857,45.93,0.936,tp,
2026-06-30,15:18:23,18:19:04,,,NVDA,rsi_mean_reversion,short,197.865,199.08,25.0,-28.77,-0.614,sl,
2026-06-30,16:01:11,18:43:05,,,AMD,bollinger_bounce,short,576.62,583.6,8.0,-60.72,-1.211,sl,
2026-06-30,18:43:04,19:18:35,,,NVDA,rsi_mean_reversion,short,198.33,199.24,25.0,-22.0,-0.459,sl,
2026-06-30,19:39:28,19:55:09,,,SPY,rsi_mean_reversion,short,746.83,747.729,6.0,-32.36,-0.12,sl,
2026-06-30,19:30:04,20:05:13,,,TSLA,bollinger_bounce,short,423.41,419.1718,11.0,45.96,1.001,tp,
2026-07-01,13:35:12,13:37:28,,,MSFT,vwap_reversion,short,376.78,379.7,13.0,-27.47,-0.775,sl,
2026-07-01,13:35:14,13:38:33,,,META,bollinger_bounce,short,601.39,608.37,8.0,-132.28,-1.161,sl,
2026-07-01,13:34:06,13:46:02,,,AAPL,vwap_reversion,short,292.71,290.15,16.0,1.76,0.875,tp,
2026-07-01,13:36:17,13:47:06,,,QQQ,ema_crossover,short,725.76,728.025,6.0,7.53,-0.312,sl,
2026-07-01,13:38:30,13:49:13,,,MSFT,bollinger_bounce,short,380.205,376.155,12.0,47.58,1.065,tp,
2026-07-01,13:51:18,14:11:29,,,SPY,bollinger_bounce,long,744.235,746.59,6.640878,16.2,0.316,tp,
2026-07-01,13:53:26,14:24:11,,,AMZN,vwap_reversion,long,236.98,239.59,20.856313,49.64,1.101,tp,
2026-07-01,14:05:04,14:36:52,,,AAPL,rsi_mean_reversion,short,292.035,293.52,16.0,-23.5,-0.509,sl,
2026-07-01,14:23:06,14:45:21,,,AMD,bollinger_bounce,long,555.93,548.0,8.899075,-70.75,-1.426,sl,
2026-07-01,14:25:12,15:06:35,,,TSLA,bollinger_bounce,short,426.055,429.19,11.0,-24.86,-0.736,sl,
2026-07-01,14:29:27,15:21:22,,,IWM,bollinger_bounce,short,301.47,302.33,16.0,-13.81,-0.285,sl,
2026-07-01,14:46:23,15:24:23,,,AMZN,bollinger_bounce,short,241.41,243.215,20.0,-35.5,-0.748,sl,
2026-07-01,13:48:07,15:28:25,,,QQQ,bollinger_bounce,long,728.46,731.55,6.784376,20.42,0.424,tp,
2026-07-01,13:47:05,16:34:51,,,GLD,ema_crossover,long,375.51,374.05,13.138148,-51.93,-0.389,sl,
2026-07-04,06:24:12,06:24:13,,,AMD,restored,long,551.923933,517.82,8.974599,-306.07,-6.179,sl,
2026-07-04,06:24:12,06:24:14,,,BTC/USD,restored,long,59758.688544,62251.3,1.154913,2878.75,4.171,tp,
2026-07-04,06:24:12,06:24:14,,,SOL/USD,restored,long,76.644019,82.54,63.995703,377.32,7.693,tp,
2026-07-04,06:24:12,06:24:14,,,TSLA,restored,short,428.368182,393.45,11.0,384.1,8.151,tp,
2026-07-04,10:08:05,10:08:06,,,DOGE/USD,bollinger_bounce,long,0.076849,0.07653,66269.554683,-21.11,-0.415,tp,
2026-07-04,10:12:16,10:12:17,,,DOGE/USD,bollinger_bounce,long,0.076811,0.07653,66277.284504,-18.62,-0.366,tp,
2026-07-04,11:23:05,11:23:06,,,DOGE/USD,bollinger_bounce,long,0.076951,0.076609,66135.886057,-22.59,-0.444,tp,
2026-07-04,11:24:08,11:24:10,,,DOGE/USD,bollinger_bounce,long,0.076914,0.076609,66140.315636,-20.2,-0.397,tp,
2026-07-04,11:29:21,11:29:23,,,DOGE/USD,bollinger_bounce,long,0.076862,0.076609,66159.094324,-16.73,-0.329,tp,
2026-07-04,11:46:01,11:51:16,,,SOL/USD,bollinger_bounce,long,81.78925,81.921,62.153608,8.19,0.161,tp,
2026-07-04,11:52:18,11:52:20,,,SOL/USD,bollinger_bounce,long,81.7459,81.921,62.168445,10.89,0.214,tp,
2026-07-04,11:53:21,11:53:23,,,SOL/USD,bollinger_bounce,long,81.7205,81.921,62.170936,12.47,0.245,tp,
2026-07-04,14:11:00,14:11:02,,,BTC/USD,bollinger_bounce,long,62567.75,62516.884,0.081178,-4.13,-0.081,tp,
2026-07-04,14:12:03,14:12:05,,,BTC/USD,bollinger_bounce,long,62597.663,62516.884,0.081121,-6.55,-0.129,tp,
2026-07-04,14:13:06,14:13:08,,,BTC/USD,bollinger_bounce,long,62625.168,62516.884,0.081065,-8.78,-0.173,tp,
2026-07-04,14:14:09,14:14:11,,,BTC/USD,bollinger_bounce,long,62616.8775,62643.87,0.081057,2.19,0.043,tp,
2026-07-04,14:34:01,14:34:02,,,DOGE/USD,supertrend,long,0.077315,0.077046,65631.772619,-17.65,-0.348,tp,
2026-07-04,14:35:03,14:35:05,,,ETH/USD,macd_momentum,long,1768.225,1767.364,2.867944,-2.47,-0.049,tp,
2026-07-04,14:36:06,14:36:08,,,ETH/USD,macd_momentum,long,1768.335,1768.9,2.867027,1.62,0.032,tp,
2026-07-04,14:36:07,14:36:09,,,LINK/USD,supertrend,long,7.965175,7.93962,636.503906,-16.27,-0.321,tp,
2026-07-04,14:37:10,14:37:12,,,ETH/USD,macd_momentum,long,1768.0485,1769.2,2.865278,3.3,0.065,tp,
2026-07-04,14:37:11,14:37:12,,,LINK/USD,supertrend,long,7.96295,7.97235,636.190168,5.98,0.118,tp,
2026-07-04,14:38:14,14:38:15,,,LINK/USD,supertrend,long,7.9606,7.9549,635.881341,-3.62,-0.072,tp,
2026-07-04,14:39:16,14:39:18,,,ETH/USD,macd_momentum,long,1767.335,1769.2,2.862691,5.34,0.106,tp,
2026-07-04,14:39:16,14:39:18,,,DOGE/USD,supertrend,long,0.077284,0.077046,65464.021107,-15.59,-0.308,tp,
2026-07-04,14:39:17,14:39:18,,,LINK/USD,supertrend,long,7.96472,7.9549,635.218124,-6.24,-0.123,tp,
2026-07-04,14:40:20,14:40:21,,,LINK/USD,supertrend,long,7.96905,7.9549,634.146291,-8.97,-0.178,tp,
2026-07-04,14:41:22,14:41:24,,,ETH/USD,macd_momentum,long,1767.9005,1769.2,2.856125,3.71,0.074,tp,
2026-07-04,14:41:23,14:41:24,,,DOGE/USD,supertrend,long,0.077304,0.077046,65317.783099,-16.87,-0.334,tp,
2026-07-04,14:41:23,14:41:25,,,LINK/USD,supertrend,long,7.975,7.9549,633.146771,-12.73,-0.252,tp,
2026-07-04,14:42:26,14:42:28,,,ETH/USD,macd_momentum,long,1768.9115,1769.2,2.851773,0.82,0.016,tp,
2026-07-04,14:42:26,14:42:28,,,DOGE/USD,supertrend,long,0.077395,0.077046,65179.489499,-22.72,-0.45,tp,
2026-07-04,14:42:27,14:42:28,,,LINK/USD,supertrend,long,7.985675,7.9549,631.697884,-19.44,-0.385,tp,
2026-07-04,14:43:30,14:43:31,,,DOGE/USD,supertrend,long,0.077425,0.077046,65089.331611,-24.67,-0.49,tp,
2026-07-04,15:00:13,15:00:15,,,DOGE/USD,breakout_momentum,long,0.077649,0.077611,64891.411366,-2.44,-0.048,tp,
2026-07-04,15:03:22,15:03:23,,,DOGE/USD,breakout_momentum,long,0.077695,0.077611,64826.706995,-5.45,-0.108,tp,
2026-07-04,15:05:27,15:05:29,,,DOGE/USD,breakout_momentum,long,0.077849,0.077611,64674.643699,-15.36,-0.305,tp,
2026-07-04,14:34:01,15:30:34,,,AVAX/USD,supertrend,long,6.909145,6.9923,734.435375,61.07,1.204,tp,
2026-07-04,16:54:00,16:54:01,,,LTC/USD,vwap_reversion,long,45.353,45.4251,110.985194,8.0,0.159,tp,
2026-07-04,16:56:06,16:56:06,,,LTC/USD,vwap_reversion,long,45.2995,45.221,111.043223,-8.72,-0.173,tp,
2026-07-04,16:57:09,16:57:10,,,LTC/USD,vwap_reversion,long,45.28315,45.221,111.035783,-6.9,-0.137,tp,
2026-07-04,16:58:12,16:58:13,,,LTC/USD,vwap_reversion,long,45.314,45.4242,110.914651,12.22,0.243,tp,
2026-07-04,16:55:02,17:05:30,,,SOL/USD,vwap_reversion,long,82.16055,82.146,61.239056,-0.89,-0.018,tp,
2026-07-04,11:54:25,17:54:28,,,AMZN,restored,short,241.588173,242.67,20.0,-21.64,-0.448,time_limit,
2026-07-04,11:54:25,17:54:28,,,GOOGL,restored,short,361.26,359.91,13.0,17.55,0.374,time_limit,
2026-07-04,11:54:25,17:54:28,,,NVDA,restored,short,198.307733,194.83,25.0,86.94,1.754,time_limit,
2026-07-04,11:54:25,17:54:28,,,TLT,restored,long,85.73,85.51,57.752846,-12.71,-0.257,time_limit,
2026-07-04,19:01:11,19:01:11,,,BCH/USD,ema_crossover,long,233.228,232.797,21.538016,-9.28,-0.185,tp,
2026-07-04,19:02:14,19:02:14,,,BCH/USD,ema_crossover,long,233.4,232.797,21.515769,-12.97,-0.258,tp,
2026-07-04,19:04:19,19:04:19,,,BCH/USD,ema_crossover,long,233.58,232.797,21.492347,-16.83,-0.335,tp,
2026-07-04,19:07:27,19:07:27,,,BCH/USD,ema_crossover,long,233.6255,232.797,21.480772,-17.8,-0.355,tp,
2026-07-04,19:08:29,19:08:30,,,BCH/USD,ema_crossover,long,233.25,232.797,21.507972,-9.74,-0.194,tp,
2026-07-04,19:22:04,19:22:04,,,BCH/USD,ema_crossover,long,234.0535,232.797,21.426832,-26.92,-0.537,tp,
2026-07-04,19:23:07,19:23:07,,,BCH/USD,ema_crossover,long,234.15,232.797,21.41098,-28.97,-0.578,tp,
2026-07-04,19:24:10,19:24:10,,,BCH/USD,ema_crossover,long,234.3,232.797,21.389938,-32.15,-0.641,tp,
2026-07-04,19:25:13,19:25:13,,,BCH/USD,ema_crossover,long,234.145,232.797,21.397589,-28.84,-0.576,tp,
2026-07-04,19:26:16,19:26:16,,,BCH/USD,ema_crossover,long,234.3,232.797,21.377527,-32.13,-0.641,tp,
2026-07-04,22:00:21,22:00:23,,,DOGE/USD,breakout_momentum,long,0.078186,0.078189,64033.358828,0.17,0.003,tp,
2026-07-04,22:00:22,22:00:23,,,LINK/USD,supertrend,long,8.0441,8.0364,622.384729,-4.79,-0.096,tp,
2026-07-04,22:01:25,22:01:26,,,DOGE/USD,breakout_momentum,long,0.078192,0.078189,63973.221165,-0.22,-0.004,tp,
2026-07-04,22:01:25,22:01:26,,,LINK/USD,supertrend,long,8.047495,8.0364,621.586779,-6.9,-0.138,tp,
2026-07-04,22:02:28,22:02:29,,,LINK/USD,supertrend,long,8.04155,8.0364,621.463213,-3.2,-0.064,tp,
2026-07-05,00:00:23,00:00:27,,,BTC/USD,breakout_momentum,long,63089.4675,63121.859,0.079163,2.56,0.051,tp,
2026-07-05,00:00:26,00:00:27,,,LTC/USD,breakout_momentum,long,44.8205,45.005,111.429748,20.56,0.412,tp,
2026-07-05,00:01:28,00:01:30,,,BTC/USD,breakout_momentum,long,63035.885,63121.859,0.079122,6.8,0.136,tp,
2026-07-05,00:01:30,00:01:30,,,LTC/USD,breakout_momentum,long,44.784,45.005,111.368324,24.61,0.493,tp,
2026-07-05,00:14:00,00:14:02,,,BTC/USD,breakout_momentum,long,63001.25,62985.89,0.079108,-1.22,-0.024,tp,
2026-07-05,00:00:26,00:21:20,,,BCH/USD,breakout_momentum,long,235.925,238.078,21.169172,45.58,0.913,tp,
2026-07-05,21:01:02,02:08:41,,,SOL/USD,breakout_momentum,long,81.8124,80.433,61.208387,-84.43,-1.686,sl,
2026-07-05,02:42:00,02:42:01,,,SOL/USD,supertrend,long,80.45015,80.55,61.889835,6.18,0.124,sl,
2026-07-05,02:43:03,02:43:04,,,SOL/USD,supertrend,long,80.3279,80.1501,61.966465,-11.02,-0.221,sl,
2026-07-05,02:44:05,02:44:07,,,SOL/USD,supertrend,long,80.235,80.1318,62.016065,-6.4,-0.129,sl,
2026-07-05,03:56:01,03:56:02,,,AVAX/USD,vwap_reversion,long,6.8038,6.7757,731.168538,-20.55,-0.413,sl,
2026-07-05,03:56:02,03:56:02,,,BCH/USD,breakout_momentum,long,236.834,237.628,21.005111,16.68,0.335,tp,
2026-07-05,03:57:04,03:57:05,,,AVAX/USD,vwap_reversion,long,6.8045,6.7757,730.428026,-21.04,-0.423,sl,
2026-07-05,03:57:05,03:57:05,,,BCH/USD,breakout_momentum,long,236.61,237.628,21.005864,21.38,0.43,tp,
2026-07-05,03:58:07,03:58:08,,,AVAX/USD,vwap_reversion,long,6.79849,6.7757,730.285328,-16.64,-0.335,sl,
2026-07-05,03:58:08,03:58:09,,,BCH/USD,breakout_momentum,long,236.428,237.628,20.999363,25.2,0.508,tp,
2026-07-05,03:59:10,03:59:11,,,AVAX/USD,vwap_reversion,long,6.8014,6.7757,729.205678,-18.74,-0.378,sl,
2026-07-05,03:59:11,03:59:12,,,BCH/USD,breakout_momentum,long,236.35,237.628,20.984216,26.82,0.541,tp,
2026-07-05,00:01:28,06:02:08,,,ETH/USD,breakout_momentum,long,1777.845,1759.169,2.805373,-52.39,-1.05,time_limit,
2026-07-05,01:30:07,07:30:40,,,BTC/USD,breakout_momentum,long,62883.2765,62744.146,0.079246,-11.03,-0.221,time_limit,
2026-07-05,09:02:15,09:02:16,,,SOL/USD,breakout_momentum,long,80.383,80.27,61.593913,-6.96,-0.141,sl,
2026-07-05,09:03:18,09:03:19,,,SOL/USD,breakout_momentum,long,80.42495,80.27,61.548201,-9.54,-0.193,sl,
2026-07-05,09:04:20,09:04:22,,,SOL/USD,breakout_momentum,long,80.363,80.27,61.580435,-5.73,-0.116,sl,
2026-07-05,09:06:25,09:06:27,,,SOL/USD,breakout_momentum,long,80.4433,80.27,61.503612,-10.66,-0.215,sl,
2026-07-05,09:47:02,09:47:03,,,DOGE/USD,breakout_momentum,long,0.075487,0.07577,65513.259629,18.56,0.375,sl,
2026-07-05,09:48:05,09:48:06,,,DOGE/USD,breakout_momentum,long,0.075504,0.07577,65450.521565,17.44,0.353,sl,
2026-07-05,08:06:07,09:50:11,,,LINK/USD,breakout_momentum,long,7.9197,7.84451,625.198366,-47.01,-0.949,sl,
2026-07-05,09:51:12,09:51:14,,,DOGE/USD,breakout_momentum,long,0.075552,0.07577,65356.357211,14.25,0.289,sl,
2026-07-05,09:51:13,09:51:14,,,LINK/USD,breakout_momentum,long,7.853,7.8409,628.779256,-7.61,-0.154,sl,
2026-07-05,09:52:16,09:52:17,,,DOGE/USD,breakout_momentum,long,0.075498,0.07577,65349.885593,17.76,0.36,sl,
2026-07-05,09:52:16,09:52:17,,,LINK/USD,breakout_momentum,long,7.8495,7.8409,628.549844,-5.41,-0.11,sl,
2026-07-05,09:53:19,09:53:20,,,DOGE/USD,breakout_momentum,long,0.075474,0.07577,65315.073303,19.3,0.392,sl,
2026-07-05,09:54:21,09:54:23,,,DOGE/USD,breakout_momentum,long,0.075425,0.07577,65330.732954,22.55,0.458,sl,
2026-07-05,09:55:24,09:55:26,,,DOGE/USD,breakout_momentum,long,0.075435,0.07577,65296.659376,21.87,0.444,sl,
2026-07-05,09:55:24,09:55:26,,,LINK/USD,breakout_momentum,long,7.84613,7.8409,627.781276,-3.28,-0.067,sl,
2026-07-05,09:56:27,09:56:28,,,DOGE/USD,breakout_momentum,long,0.075537,0.07577,65149.3711,15.2,0.309,sl,
2026-07-05,09:56:27,09:56:29,,,LINK/USD,breakout_momentum,long,7.853945,7.8409,626.585557,-8.17,-0.166,sl,
2026-07-05,10:11:03,10:11:04,,,LINK/USD,breakout_momentum,long,7.86476,7.8662,625.246924,0.9,0.018,sl,
2026-07-05,10:12:05,10:12:07,,,LINK/USD,breakout_momentum,long,7.86395,7.8662,625.016754,1.41,0.029,sl,
2026-07-05,10:13:08,10:13:09,,,LINK/USD,breakout_momentum,long,7.858135,7.8662,625.169776,5.04,0.103,sl,
2026-07-05,07:40:04,13:41:01,,,AVAX/USD,restored,long,6.797327,6.8627,730.923978,47.78,0.962,time_limit,
2026-07-05,07:40:04,13:41:02,,,LTC/USD,restored,long,44.355472,44.7996,111.732909,49.62,1.001,time_limit,
2026-07-05,09:47:01,15:47:52,,,BTC/USD,breakout_momentum,long,62522.312,62800.62,0.079098,22.01,0.445,time_limit,
2026-07-05,09:47:01,15:47:52,,,ETH/USD,supertrend,long,1752.01,1771.7,2.822687,55.58,1.124,time_limit,
2026-07-05,18:04:02,18:04:04,,,SOL/USD,breakout_momentum,long,81.0595,80.87,60.643577,-11.49,-0.234,sl,
2026-07-05,18:04:03,18:04:05,,,DOGE/USD,supertrend,long,0.077265,0.0769,63621.795121,-23.22,-0.472,sl,
2026-07-05,18:05:06,18:05:08,,,DOGE/USD,supertrend,long,0.077229,0.0769,63609.850432,-20.93,-0.426,sl,
2026-07-05,18:06:09,18:06:11,,,SOL/USD,breakout_momentum,long,81.1062,80.87,60.548725,-14.3,-0.291,sl,
2026-07-05,18:06:09,18:06:11,,,DOGE/USD,supertrend,long,0.077252,0.0769,63569.41291,-22.39,-0.456,sl,
2026-07-05,18:07:13,18:07:15,,,DOGE/USD,supertrend,long,0.077295,0.0769,63495.798537,-25.05,-0.51,sl,
2026-07-05,18:08:16,18:08:18,,,SOL/USD,breakout_momentum,long,81.1089,80.87,60.487394,-14.45,-0.295,sl,
2026-07-05,18:08:16,18:08:18,,,DOGE/USD,supertrend,long,0.077253,0.0769,63506.889745,-22.39,-0.456,sl,
2026-07-05,18:09:19,18:09:22,,,SOL/USD,breakout_momentum,long,81.065,80.87,60.483026,-11.79,-0.241,sl,
2026-07-05,18:09:20,18:09:22,,,DOGE/USD,supertrend,long,0.077184,0.0769,63524.465966,-18.03,-0.368,sl,
2026-07-05,18:10:23,18:10:25,,,SOL/USD,breakout_momentum,long,81.092,80.87,60.425819,-13.41,-0.274,sl,
2026-07-05,18:11:26,18:11:28,,,DOGE/USD,supertrend,long,0.077234,0.0769,63428.924347,-21.16,-0.432,sl,
2026-07-05,18:24:02,19:17:29,,,ETH/USD,supertrend,long,1778.522,1783.68,2.753437,14.2,0.29,tp,
2026-07-06,02:22:00,02:22:01,,,LINK/USD,supertrend,long,8.0335,8.095,609.527167,37.49,0.766,tp,
2026-07-06,02:23:03,02:23:05,,,LINK/USD,supertrend,long,8.045,8.095,608.337912,30.42,0.622,tp,
2026-07-06,02:24:06,02:24:08,,,LINK/USD,supertrend,long,8.046,8.095,607.813821,29.78,0.609,tp,
2026-07-06,02:25:09,02:25:11,,,LINK/USD,supertrend,long,8.04295,8.095,607.755736,31.63,0.647,tp,
2026-07-06,02:26:13,02:26:14,,,LINK/USD,supertrend,long,8.03813,8.095,607.946873,34.57,0.708,tp,
2026-07-06,02:27:16,02:27:17,,,LINK/USD,supertrend,long,8.043315,8.095,607.257455,31.39,0.643,tp,
2026-07-06,02:28:19,02:28:20,,,LINK/USD,supertrend,long,8.03895,8.095,607.299772,34.04,0.697,tp,
2026-07-06,02:29:22,02:29:23,,,LINK/USD,supertrend,long,8.04211,8.095,606.776207,32.09,0.658,tp,
2026-07-06,02:45:07,02:45:08,,,LTC/USD,breakout_momentum,long,45.35185,45.4164,107.52762,6.94,0.142,tp,
2026-07-06,02:46:10,02:46:11,,,LTC/USD,breakout_momentum,long,45.3635,45.4164,107.445402,5.68,0.117,tp,
2026-07-06,02:48:16,02:48:17,,,LTC/USD,breakout_momentum,long,45.364,45.4164,107.407217,5.63,0.116,tp,
2026-07-06,02:49:19,02:49:20,,,LTC/USD,breakout_momentum,long,45.35,45.4164,107.403341,7.13,0.146,tp,
2026-07-06,02:50:22,02:50:23,,,LTC/USD,breakout_momentum,long,45.341,45.4164,107.387232,8.1,0.166,tp,
2026-07-06,02:51:25,02:51:26,,,LTC/USD,breakout_momentum,long,45.3444,45.4164,107.342406,7.73,0.159,tp,
2026-07-06,02:52:29,02:52:30,,,LTC/USD,breakout_momentum,long,45.34535,45.4164,107.290858,7.62,0.157,tp,
2026-07-06,03:24:01,03:24:02,,,BCH/USD,supertrend,long,239.9135,244.5,20.272467,92.98,1.912,tp,
2026-07-06,03:25:05,03:25:06,,,BCH/USD,supertrend,long,239.975,244.5,20.261046,91.68,1.886,tp,
2026-07-06,03:26:08,03:26:08,,,BCH/USD,supertrend,long,239.8495,244.5,20.267113,94.25,1.939,tp,
2026-07-06,03:27:11,03:27:12,,,BCH/USD,supertrend,long,239.75,244.5,20.270148,96.28,1.981,tp,
2026-07-06,03:28:14,03:28:15,,,BCH/USD,supertrend,long,239.705,244.5,20.267489,97.18,2.0,tp,
2026-07-06,03:30:21,03:30:22,,,BCH/USD,breakout_momentum,long,239.747,244.5,20.254024,96.27,1.983,tp,
2026-07-06,03:31:24,03:31:25,,,BCH/USD,breakout_momentum,long,239.499,244.5,20.266623,101.35,2.088,tp,
2026-07-06,03:32:27,03:32:28,,,BCH/USD,breakout_momentum,long,239.32,244.5,20.275487,105.03,2.164,tp,
2026-07-06,04:15:22,05:29:41,,,LINK/USD,breakout_momentum,long,7.9952,7.91494,606.965429,-48.72,-1.004,sl,
2026-07-06,03:30:20,05:30:44,,,DOGE/USD,supertrend,long,0.077272,0.07661,62840.893208,-41.59,-0.856,sl,
2026-07-06,02:23:03,08:23:22,,,AVAX/USD,supertrend,long,6.9059,6.928,708.680766,15.66,0.32,time_limit,
2026-07-06,02:45:05,08:45:23,,,ETH/USD,breakout_momentum,long,1779.5,1766.91,2.740419,-34.5,-0.708,time_limit,
2026-07-06,04:30:01,10:30:09,,,BTC/USD,breakout_momentum,long,63161.256,62800.19,0.076794,-27.73,-0.572,time_limit,
2026-07-06,04:31:06,10:31:12,,,LTC/USD,breakout_momentum,long,45.0688,44.685,107.602721,-41.3,-0.852,time_limit,
2026-07-06,11:34:02,17:34:53,,,BCH/USD,breakout_momentum,long,238.4725,239.3,20.264794,16.77,0.347,time_limit,
2026-07-06,19:58:07,21:05:48,,,RIVN,breakout_momentum,long,20.145,19.5,240.173666,-154.91,-3.202,sl,
2026-07-06,21:15:07,21:15:09,,,BTC/USD,breakout_momentum,long,64271.25,64227.6,0.074942,-3.27,-0.068,tp,
2026-07-06,21:16:10,21:16:12,,,BTC/USD,breakout_momentum,long,64310.5545,64241.616,0.074889,-5.16,-0.107,tp,
2026-07-06,21:17:12,21:17:14,,,BTC/USD,breakout_momentum,long,64246.259,64239.74,0.074945,-0.49,-0.01,tp,
2026-07-06,21:18:15,21:18:17,,,BTC/USD,breakout_momentum,long,64203.23,64181.7,0.074978,-1.61,-0.034,tp,
2026-07-06,21:19:17,21:19:19,,,BTC/USD,breakout_momentum,long,64217.695,64220.452,0.074941,0.21,0.004,tp,
2026-07-06,21:20:20,21:20:22,,,BTC/USD,breakout_momentum,long,64212.8325,64199.2,0.074965,-1.02,-0.021,tp,
2026-07-06,21:21:23,21:21:24,,,BTC/USD,breakout_momentum,long,64192.15,64157.1,0.07499,-2.63,-0.055,tp,
2026-07-06,21:22:25,21:22:27,,,BTC/USD,breakout_momentum,long,64221.8,64186.9,0.074914,-2.61,-0.054,tp,
2026-07-06,21:23:28,21:23:29,,,BTC/USD,breakout_momentum,long,64303.171,64234.89,0.074809,-5.11,-0.106,tp,
2026-07-07,19:28:09,00:01:28,,,SPY,breakout_momentum,long,752.15,750.25,6.433013,-12.22,-0.253,sl,
2026-07-07,18:23:18,00:24:18,,,META,breakout_momentum,long,600.985,601.56,8.051741,4.63,0.096,time_limit,
2026-07-07,19:42:01,00:57:31,,,TLT,breakout_momentum,long,85.415,85.32,56.65811,-5.38,-0.111,sl,
2026-07-07,19:58:04,01:15:09,,,TSLA,breakout_momentum,long,419.92,415.41,11.521953,-51.96,-1.074,sl,
2026-07-07,19:45:27,01:31:45,,,BABA,breakout_momentum,long,97.84,99.5,49.464958,82.11,1.697,tp,
2026-07-07,19:43:07,01:43:10,,,GOOGL,breakout_momentum,long,367.615,365.88,13.16486,-22.84,-0.472,time_limit,
2026-07-07,19:45:29,01:46:23,,,JPM,breakout_momentum,long,337.925,338.17,14.321673,3.51,0.073,time_limit,
2026-07-07,19:58:07,01:58:49,,,JNJ,ema_crossover,long,259.44,260.46,18.649007,19.02,0.393,time_limit,
2026-07-07,00:16:00,02:33:02,,,AVAX/USD,supertrend,long,6.91501,6.786,695.01859,-89.66,-1.866,sl,
2026-07-07,00:01:28,03:27:57,,,LTC/USD,supertrend,long,44.8135,44.054,107.255024,-81.46,-1.695,sl,
2026-07-07,01:45:20,03:47:38,,,LINK/USD,supertrend,long,7.9772,7.8806,601.806273,-58.13,-1.211,sl,
2026-07-07,04:00:04,04:00:06,,,LINK/USD,breakout_momentum,long,7.87757,7.86849,606.943448,-5.51,-0.115,sl,
2026-07-07,04:00:05,04:00:06,,,LTC/USD,breakout_momentum,long,44.085,44.054,108.455019,-3.36,-0.07,sl,
2026-07-07,04:01:08,04:01:08,,,LTC/USD,breakout_momentum,long,44.121,44.054,108.289284,-7.26,-0.152,sl,
2026-07-07,04:02:10,04:02:11,,,LINK/USD,breakout_momentum,long,7.879175,7.86849,606.12488,-6.48,-0.136,sl,
2026-07-07,04:03:13,04:03:14,,,LINK/USD,breakout_momentum,long,7.86895,7.86849,606.599483,-0.28,-0.006,sl,
2026-07-07,04:03:13,04:03:14,,,LTC/USD,breakout_momentum,long,44.0436,44.054,108.376722,1.13,0.024,sl,
2026-07-07,04:04:15,04:04:16,,,LINK/USD,breakout_momentum,long,7.873,7.86849,605.8606,-2.73,-0.057,sl,
2026-07-07,04:06:21,04:06:23,,,LINK/USD,breakout_momentum,long,7.8771,7.86849,605.293382,-5.21,-0.109,sl,
2026-07-07,04:06:22,04:06:23,,,LTC/USD,breakout_momentum,long,44.06645,44.054,108.199242,-1.35,-0.028,sl,
2026-07-07,04:08:27,04:08:28,,,LINK/USD,breakout_momentum,long,7.87146,7.86849,605.19046,-1.8,-0.038,sl,
2026-07-07,04:09:29,04:09:30,,,LINK/USD,breakout_momentum,long,7.866655,7.86849,605.256173,1.11,0.023,sl,
2026-07-07,02:05:02,04:48:56,,,DOGE/USD,breakout_momentum,long,0.076104,0.074433,63135.985357,-105.5,-2.196,sl,
2026-07-07,04:52:04,04:52:06,,,SOL/USD,restored,long,82.037321,80.48,58.486455,-91.08,-1.898,sl,
2026-07-07,08:00:17,08:00:17,,,BCH/USD,breakout_momentum,long,238.5165,238.194,19.919549,-6.42,-0.135,sl,
2026-07-07,08:01:19,08:01:20,,,BCH/USD,breakout_momentum,long,238.8455,238.194,19.884854,-12.95,-0.273,sl,
2026-07-07,08:03:24,08:03:25,,,BCH/USD,breakout_momentum,long,238.8,238.194,19.885186,-12.05,-0.254,sl,
2026-07-07,08:04:28,08:04:28,,,BCH/USD,breakout_momentum,long,238.9265,238.194,19.85403,-14.54,-0.307,sl,
2026-07-07,08:19:01,08:19:02,,,LINK/USD,breakout_momentum,long,7.909825,7.947,600.346089,22.32,0.47,sl,
2026-07-07,08:20:04,08:20:05,,,LINK/USD,breakout_momentum,long,7.9135,7.947,599.743413,20.09,0.423,sl,
2026-07-07,08:21:07,08:21:08,,,LINK/USD,breakout_momentum,long,7.908585,7.947,599.820828,23.04,0.486,sl,
2026-07-07,08:22:09,08:22:10,,,LINK/USD,breakout_momentum,long,7.912525,7.947,599.404804,20.66,0.436,sl,
2026-07-07,08:27:22,08:27:23,,,LINK/USD,breakout_momentum,long,7.90635,7.947,599.745964,24.38,0.514,sl,
2026-07-07,08:29:27,08:29:28,,,LINK/USD,breakout_momentum,long,7.8989,7.947,599.897074,28.86,0.609,sl,
2026-07-07,08:45:02,08:45:02,,,BCH/USD,breakout_momentum,long,238.245,238.41,19.887555,3.28,0.069,sl,
2026-07-07,08:46:05,08:46:05,,,BCH/USD,breakout_momentum,long,238.095,238.41,19.891512,6.27,0.132,sl,
2026-07-07,08:47:07,08:47:08,,,BCH/USD,breakout_momentum,long,238.1845,238.41,19.876963,4.48,0.095,sl,
2026-07-07,08:48:10,08:48:11,,,BCH/USD,breakout_momentum,long,238.052,238.41,19.882024,7.12,0.15,sl,
2026-07-07,08:51:18,08:51:18,,,BCH/USD,breakout_momentum,long,238.026,238.41,19.87887,7.63,0.161,sl,
2026-07-07,08:52:20,08:52:21,,,BCH/USD,breakout_momentum,long,238.1,238.41,19.867024,6.16,0.13,sl,
2026-07-07,08:54:25,08:54:26,,,BCH/USD,breakout_momentum,long,237.935,238.41,19.871728,9.44,0.2,sl,
2026-07-07,11:01:11,11:01:12,,,SOL/USD,breakout_momentum,long,80.775,80.75,58.479239,-1.46,-0.031,sl,
2026-07-07,11:02:13,11:02:15,,,SOL/USD,breakout_momentum,long,80.8207,80.75,58.449259,-4.13,-0.087,sl,
2026-07-07,11:03:16,11:03:17,,,SOL/USD,breakout_momentum,long,80.77175,80.75,58.47274,-1.27,-0.027,sl,
2026-07-07,05:03:37,11:04:20,,,ETH/USD,restored,long,1768.5,1771.53,2.686438,8.14,0.171,time_limit,
2026-07-07,11:04:18,11:04:21,,,SOL/USD,breakout_momentum,long,80.8215,80.75,58.421559,-4.18,-0.088,sl,
2026-07-07,11:05:23,11:05:25,,,SOL/USD,breakout_momentum,long,80.8577,80.75,58.370749,-6.29,-0.133,sl,
2026-07-07,11:07:29,11:07:31,,,SOL/USD,breakout_momentum,long,80.905,80.75,58.328181,-9.04,-0.192,sl,
2026-07-07,11:17:00,11:17:02,,,DOGE/USD,breakout_momentum,long,0.074479,0.075438,63340.791837,60.76,1.288,sl,
2026-07-07,11:19:07,11:19:09,,,DOGE/USD,breakout_momentum,long,0.07451,0.075438,63300.809953,58.71,1.245,sl,
2026-07-07,11:21:13,11:21:15,,,DOGE/USD,breakout_momentum,long,0.07452,0.075438,63255.562265,58.07,1.232,sl,
2026-07-07,11:23:20,11:23:22,,,DOGE/USD,breakout_momentum,long,0.074573,0.075438,63161.550298,54.65,1.16,sl,
2026-07-07,11:24:23,11:24:25,,,DOGE/USD,breakout_momentum,long,0.074542,0.075438,63159.738269,56.58,1.202,sl,
2026-07-07,11:25:27,11:25:29,,,DOGE/USD,breakout_momentum,long,0.07458,0.075438,63106.003518,54.17,1.151,sl,
2026-07-07,11:45:27,11:45:30,,,SOL/USD,breakout_momentum,long,81.09,81.01,57.98514,-4.64,-0.099,sl,
2026-07-07,11:45:28,11:45:30,,,AVAX/USD,breakout_momentum,long,6.77538,6.7287,693.98543,-32.4,-0.689,sl,
2026-07-07,11:56:01,11:56:03,,,SOL/USD,breakout_momentum,long,81.22,81.01,57.84518,-12.15,-0.259,sl,
2026-07-07,11:56:02,11:56:03,,,AVAX/USD,breakout_momentum,long,6.78615,6.7287,692.319725,-39.77,-0.847,sl,
2026-07-07,11:18:03,12:13:58,,,BTC/USD,breakout_momentum,long,63107.874,63778.34,0.074736,50.11,1.062,tp,
2026-07-07,16:28:29,19:00:43,,,QQQ,supertrend,long,712.88,708.91,6.589844,-26.16,-0.557,sl,
2026-07-08,20:02:40,00:18:58,,,RIVN,restored,short,16.63,16.45,282.0,50.76,1.082,trailing_stop,
2026-07-08,01:14:00,01:14:01,,,LINK/USD,breakout_momentum,long,7.87514,7.8745,596.694852,-0.38,-0.008,sl,
2026-07-08,20:02:40,01:39:02,,,PLTR,restored,short,136.389706,132.18,34.0,143.13,3.087,tp,
2026-07-08,20:02:40,02:02:58,,,AAPL,restored,short,311.11,311.3,15.0,-2.85,-0.061,time_limit,
2026-07-08,20:02:40,02:02:58,,,CRM,restored,short,169.49,169.01,27.0,12.96,0.283,time_limit,
2026-07-08,20:02:40,02:02:58,,,GDX,restored,short,75.54,75.72,62.0,-11.16,-0.238,time_limit,
2026-07-08,20:02:40,02:02:58,,,GLD,restored,short,378.69,377.02,12.0,20.04,0.441,time_limit,
2026-07-08,20:02:40,02:02:58,,,GOOGL,restored,short,366.265,366.8,12.0,-6.42,-0.146,time_limit,
2026-07-08,20:02:40,02:02:58,,,META,restored,short,616.582857,611.66,7.0,34.46,0.798,time_limit,
2026-07-08,20:02:40,02:02:58,,,MSFT,restored,short,389.16,388.09,12.0,12.84,0.275,time_limit,
2026-07-08,20:02:40,02:02:58,,,NVDA,restored,short,195.6,196.76,24.0,-27.84,-0.593,time_limit,
2026-07-08,20:02:40,02:02:58,,,QQQ,restored,short,707.648333,709.95,6.0,-13.81,-0.325,time_limit,
2026-07-08,20:02:40,02:02:59,,,SLV,restored,short,54.121512,54.2,86.0,-6.75,-0.145,time_limit,
2026-07-08,20:02:40,02:02:59,,,SOFI,restored,short,17.8,17.8,264.0,-0.0,-0.0,time_limit,
2026-07-08,20:02:40,02:02:59,,,SPY,restored,short,746.6,747.43,6.0,-4.98,-0.111,time_limit,
2026-07-08,20:02:40,02:02:59,,,XLK,restored,short,178.13,180.4,26.0,-59.02,-1.274,time_limit,
2026-07-08,03:52:02,03:52:03,,,LINK/USD,supertrend,long,7.7025,7.716,609.64544,8.23,0.175,sl,
2026-07-08,03:53:04,03:53:05,,,LINK/USD,supertrend,long,7.699265,7.716,609.677093,10.2,0.217,sl,
2026-07-08,03:54:07,03:54:08,,,LINK/USD,supertrend,long,7.6936,7.716,609.848445,13.66,0.291,sl,
2026-07-08,03:55:09,03:55:10,,,LINK/USD,supertrend,long,7.683215,7.716,610.391353,20.01,0.427,sl,
2026-07-08,03:56:12,03:56:13,,,LINK/USD,supertrend,long,7.6905,7.716,609.55276,15.54,0.332,sl,
2026-07-08,04:42:00,04:42:01,,,AVAX/USD,supertrend,long,6.3927,6.36616,733.092199,-19.46,-0.415,sl,
2026-07-08,04:42:00,04:42:01,,,LTC/USD,supertrend,long,43.675,43.5821,107.302541,-9.97,-0.213,sl,
2026-07-08,04:43:02,04:43:04,,,SOL/USD,supertrend,long,78.6795,78.69,59.501719,0.62,0.013,sl,
2026-07-08,04:43:03,04:43:04,,,DOGE/USD,supertrend,long,0.07248,0.072599,64591.135486,7.69,0.164,sl,
2026-07-08,04:43:03,04:43:04,,,AVAX/USD,supertrend,long,6.39065,6.36616,732.564841,-17.94,-0.383,sl,
2026-07-08,04:43:04,04:43:04,,,LTC/USD,supertrend,long,43.6605,43.5821,107.226566,-8.41,-0.18,sl,
2026-07-08,04:44:06,04:44:07,,,SOL/USD,supertrend,long,78.615,78.69,59.449615,4.46,0.095,sl,
2026-07-08,04:44:06,04:44:08,,,DOGE/USD,supertrend,long,0.072454,0.072599,64504.988006,9.37,0.2,sl,
2026-07-08,04:44:07,04:44:08,,,AVAX/USD,supertrend,long,6.39054,6.36616,731.335928,-17.83,-0.382,sl,
2026-07-08,04:44:07,04:44:08,,,LTC/USD,supertrend,long,43.56995,43.5821,107.267314,1.3,0.028,sl,
2026-07-08,05:08:00,05:08:02,,,SOL/USD,breakout_momentum,long,78.6661,78.248,59.267353,-24.78,-0.531,sl,
2026-07-08,05:09:03,05:09:04,,,SOL/USD,breakout_momentum,long,78.643,78.248,59.254632,-23.41,-0.502,sl,
2026-07-08,05:10:05,05:10:07,,,SOL/USD,breakout_momentum,long,78.693,78.248,59.202966,-26.35,-0.565,sl,
2026-07-08,05:13:12,05:13:14,,,SOL/USD,breakout_momentum,long,78.585,78.8187,59.279245,13.85,0.297,sl,
2026-07-08,05:14:15,05:14:16,,,SOL/USD,breakout_momentum,long,78.6542,78.8187,59.211371,9.74,0.209,sl,
2026-07-08,05:15:17,05:15:20,,,SOL/USD,breakout_momentum,long,78.62095,78.8187,59.219159,11.71,0.252,sl,
2026-07-08,05:15:18,05:15:20,,,LINK/USD,breakout_momentum,long,7.70875,7.674,603.971656,-20.99,-0.451,sl,
2026-07-08,05:15:19,05:15:20,,,AVAX/USD,breakout_momentum,long,6.41326,6.365,725.975011,-35.04,-0.753,sl,
2026-07-08,05:15:19,05:15:20,,,LTC/USD,breakout_momentum,long,43.6396,43.41,106.689028,-24.5,-0.526,sl,
2026-07-08,05:16:21,05:16:23,,,SOL/USD,breakout_momentum,long,78.6862,78.8187,59.059524,7.83,0.168,sl,
2026-07-08,05:17:24,05:17:26,,,SOL/USD,breakout_momentum,long,78.7285,78.8187,59.01328,5.32,0.115,sl,
2026-07-08,05:17:24,05:17:26,,,LINK/USD,breakout_momentum,long,7.713665,7.674,602.311223,-23.89,-0.514,sl,
2026-07-08,05:17:25,05:17:26,,,AVAX/USD,breakout_momentum,long,6.435865,6.365,721.89628,-51.16,-1.101,sl,
2026-07-08,05:17:25,05:17:26,,,LTC/USD,breakout_momentum,long,43.66,43.41,106.413811,-26.6,-0.573,sl,
2026-07-08,05:18:27,05:18:29,,,SOL/USD,breakout_momentum,long,78.64835,78.8187,58.960964,10.04,0.217,sl,
2026-07-08,05:18:28,05:18:29,,,LINK/USD,breakout_momentum,long,7.709785,7.674,601.467162,-21.52,-0.464,sl,
2026-07-08,05:18:28,05:18:29,,,AVAX/USD,breakout_momentum,long,6.4472,6.365,719.255258,-59.12,-1.275,sl,
2026-07-08,05:18:29,05:18:29,,,LTC/USD,breakout_momentum,long,43.633,43.41,106.276958,-23.7,-0.511,sl,
2026-07-08,05:31:00,05:31:01,,,AVAX/USD,breakout_momentum,long,6.43005,6.44,720.129704,7.17,0.155,sl,
2026-07-08,05:32:03,05:32:04,,,AVAX/USD,breakout_momentum,long,6.42412,6.44,720.236001,11.44,0.247,sl,
2026-07-08,05:33:05,05:33:06,,,SOL/USD,breakout_momentum,long,78.4412,78.4015,58.940149,-2.34,-0.051,sl,
2026-07-08,05:33:06,05:33:06,,,AVAX/USD,breakout_momentum,long,6.42525,6.44,719.557371,10.61,0.23,sl,
2026-07-08,05:34:08,05:34:09,,,SOL/USD,breakout_momentum,long,78.4665,78.4015,58.859481,-3.83,-0.083,sl,
2026-07-08,05:34:08,05:34:09,,,AVAX/USD,breakout_momentum,long,6.43311,6.44,717.926089,4.95,0.107,sl,
2026-07-08,05:35:10,05:35:12,,,SOL/USD,breakout_momentum,long,78.5955,78.4,58.708749,-11.48,-0.249,sl,
2026-07-08,05:37:15,05:37:17,,,SOL/USD,breakout_momentum,long,78.553,78.4,58.743842,-8.99,-0.195,sl,
2026-07-08,05:37:16,05:37:17,,,AVAX/USD,breakout_momentum,long,6.43231,6.44,717.394684,5.52,0.12,sl,
2026-07-08,05:38:18,05:38:20,,,SOL/USD,breakout_momentum,long,78.51255,78.4,58.719523,-6.61,-0.143,sl,
2026-07-08,05:38:19,05:38:20,,,AVAX/USD,breakout_momentum,long,6.42807,6.44,717.201197,8.56,0.186,sl,
2026-07-08,05:39:21,05:39:22,,,SOL/USD,breakout_momentum,long,78.49905,78.352,58.6655,-8.63,-0.187,sl,
2026-07-08,05:40:23,05:40:25,,,SOL/USD,breakout_momentum,long,78.434,78.352,58.705249,-4.81,-0.105,sl,
2026-07-08,05:40:24,05:40:25,,,AVAX/USD,breakout_momentum,long,6.42518,6.44,716.631674,10.62,0.231,sl,
2026-07-08,05:41:26,05:41:28,,,SOL/USD,breakout_momentum,long,78.46,78.352,58.627116,-6.33,-0.138,sl,
2026-07-08,05:42:29,05:42:30,,,SOL/USD,breakout_momentum,long,78.38495,78.352,58.665184,-1.93,-0.042,sl,
2026-07-08,04:22:10,08:24:18,,,ETH/USD,supertrend,long,1755.1305,1734.49,2.671087,-55.13,-1.176,sl,
2026-07-08,05:08:01,08:29:29,,,BCH/USD,supertrend,long,237.3635,234.8,19.642159,-50.35,-1.08,sl,
2026-07-08,04:30:28,09:16:09,,,BTC/USD,supertrend,long,62827.098,61800.0,0.074606,-76.63,-1.635,sl,
2026-07-08,10:15:16,10:15:18,,,ETH/USD,breakout_momentum,long,1733.725,1732.22,2.688029,-4.05,-0.087,sl,
2026-07-08,10:16:19,10:16:20,,,ETH/USD,breakout_momentum,long,1733.705,1732.22,2.687925,-3.99,-0.086,sl,
2026-07-08,10:18:23,10:18:25,,,ETH/USD,breakout_momentum,long,1734.65,1732.22,2.684634,-6.52,-0.14,sl,
2026-07-08,10:20:28,10:20:30,,,ETH/USD,breakout_momentum,long,1735.42,1734.0,2.681493,-3.81,-0.082,sl,
2026-07-08,10:33:00,10:33:01,,,DOGE/USD,breakout_momentum,long,0.071578,0.071296,64949.719468,-18.35,-0.395,sl,
2026-07-08,10:33:00,10:33:01,,,LINK/USD,breakout_momentum,long,7.603345,7.5557,611.441017,-29.13,-0.627,sl,
2026-07-08,10:33:01,10:33:02,,,AVAX/USD,breakout_momentum,long,6.40397,6.38401,725.955462,-14.49,-0.312,sl,
2026-07-08,10:34:02,10:34:05,,,BTC/USD,breakout_momentum,long,62081.79,62011.3,0.07473,-5.27,-0.114,sl,
2026-07-08,10:34:03,10:34:05,,,SOL/USD,breakout_momentum,long,77.37495,77.0587,59.959548,-18.96,-0.409,sl,
2026-07-08,10:34:03,10:34:05,,,DOGE/USD,breakout_momentum,long,0.071627,0.071296,64771.158382,-21.45,-0.462,sl,
2026-07-08,10:34:04,10:34:05,,,LINK/USD,breakout_momentum,long,7.608915,7.5557,609.7278,-32.45,-0.699,sl,
2026-07-08,10:34:04,10:34:05,,,AVAX/USD,breakout_momentum,long,6.40625,6.38401,724.193873,-16.11,-0.347,sl,
2026-07-08,10:35:06,10:35:09,,,BTC/USD,breakout_momentum,long,62089.505,62011.3,0.074569,-5.83,-0.126,sl,
2026-07-08,10:35:07,10:35:09,,,SOL/USD,breakout_momentum,long,77.3474,77.0587,59.859336,-17.28,-0.373,sl,
2026-07-08,10:35:07,10:35:09,,,DOGE/USD,breakout_momentum,long,0.071598,0.071296,64665.972515,-19.55,-0.422,sl,
2026-07-08,10:35:08,10:35:09,,,AVAX/USD,breakout_momentum,long,6.40357,6.38401,723.028561,-14.14,-0.305,sl,
2026-07-08,10:36:10,10:36:12,,,BTC/USD,breakout_momentum,long,62081.385,62011.3,0.074475,-5.22,-0.113,sl,
2026-07-08,10:36:10,10:36:12,,,SOL/USD,breakout_momentum,long,77.38275,77.0587,59.748956,-19.36,-0.419,sl,
2026-07-08,10:36:11,10:36:12,,,DOGE/USD,breakout_momentum,long,0.07163,0.071296,64547.515008,-21.57,-0.466,sl,
2026-07-08,10:36:11,10:36:12,,,LINK/USD,breakout_momentum,long,7.61216,7.5557,607.388507,-34.29,-0.742,sl,
2026-07-08,10:37:13,10:37:16,,,BTC/USD,breakout_momentum,long,62043.92,62011.3,0.074437,-2.43,-0.053,sl,
2026-07-08,10:37:14,10:37:16,,,SOL/USD,breakout_momentum,long,77.33075,77.0587,59.721902,-16.25,-0.352,sl,
2026-07-08,10:37:15,10:37:16,,,AVAX/USD,breakout_momentum,long,6.404345,6.38401,721.12597,-14.66,-0.318,sl,
2026-07-08,10:38:17,10:38:19,,,BTC/USD,breakout_momentum,long,62034.099,62106.59,0.074353,5.39,0.117,sl,
2026-07-08,10:38:18,10:38:19,,,DOGE/USD,breakout_momentum,long,0.071619,0.071296,64402.731138,-20.78,-0.45,sl,
2026-07-08,10:38:18,10:38:19,,,LINK/USD,breakout_momentum,long,7.60635,7.5557,606.391633,-30.71,-0.666,sl,
2026-07-08,10:38:18,10:38:19,,,AVAX/USD,breakout_momentum,long,6.40555,6.38401,720.067285,-15.51,-0.336,sl,
2026-07-08,10:39:20,10:39:23,,,BTC/USD,breakout_momentum,long,62041.963,62014.6,0.074224,-2.03,-0.044,sl,
2026-07-08,10:39:21,10:39:23,,,SOL/USD,breakout_momentum,long,77.2938,77.18,59.578006,-6.78,-0.147,sl,
2026-07-08,10:39:21,10:39:23,,,DOGE/USD,breakout_momentum,long,0.071596,0.071296,64319.741716,-19.28,-0.419,sl,
2026-07-08,10:39:22,10:39:23,,,AVAX/USD,breakout_momentum,long,6.41435,6.38401,717.923172,-21.78,-0.473,sl,
2026-07-08,10:40:24,10:40:26,,,BTC/USD,breakout_momentum,long,62062.674,62014.6,0.074088,-3.56,-0.077,sl,
2026-07-08,10:40:24,10:40:26,,,SOL/USD,breakout_momentum,long,77.3515,77.18,59.444387,-10.19,-0.222,sl,
2026-07-08,10:40:25,10:40:26,,,DOGE/USD,breakout_momentum,long,0.071676,0.071296,64151.712717,-24.36,-0.53,sl,
2026-07-08,10:40:26,10:40:27,,,AVAX/USD,breakout_momentum,long,6.41567,6.38401,716.700282,-22.69,-0.493,sl,
2026-07-08,10:41:27,10:41:30,,,BTC/USD,breakout_momentum,long,62072.7225,62014.6,0.073947,-4.3,-0.094,sl,
2026-07-08,10:41:28,10:41:30,,,DOGE/USD,breakout_momentum,long,0.071589,0.071296,64117.618711,-18.79,-0.409,sl,
2026-07-11,07:42:01,07:42:02,2026-07-11T07:42:01.682383+00:00,0.9,LINK/USD,breakout_momentum,long,7.978975,7.99,573.42215,6.32,0.138,tp,
2026-07-11,07:43:04,07:43:04,2026-07-11T07:43:04.151641+00:00,0.8,LINK/USD,breakout_momentum,long,7.975235,7.99,573.407179,8.47,0.185,tp,
2026-07-11,07:44:06,07:44:07,2026-07-11T07:44:06.649734+00:00,0.9,LINK/USD,breakout_momentum,long,7.96976,7.99,573.537346,11.61,0.254,tp,
2026-07-11,14:45:04,14:45:04,2026-07-11T14:45:04.377664+00:00,0.3,BCH/USD,breakout_momentum,long,248.985,248.26,18.348706,-13.3,-0.291,tp,
2026-07-11,14:46:06,14:46:07,2026-07-11T14:46:06.951027+00:00,0.3,BCH/USD,breakout_momentum,long,248.935,248.26,18.346655,-12.38,-0.271,tp,
2026-07-11,14:47:09,14:47:09,2026-07-11T14:47:09.446837+00:00,0.3,BCH/USD,breakout_momentum,long,248.8575,248.26,18.347516,-10.96,-0.24,tp,
2026-07-11,14:48:11,14:48:12,2026-07-11T14:48:11.947315+00:00,0.3,BCH/USD,breakout_momentum,long,248.735,248.26,18.352361,-8.72,-0.191,tp,
2026-07-11,14:49:14,14:49:14,2026-07-11T14:49:14.446464+00:00,0.3,BCH/USD,breakout_momentum,long,248.854,248.26,18.33822,-10.89,-0.239,tp,
2026-07-11,14:51:19,14:51:19,2026-07-11T14:51:19.484210+00:00,0.3,BCH/USD,breakout_momentum,long,248.8975,248.26,18.329507,-11.69,-0.256,tp,
2026-07-11,14:52:22,14:52:22,2026-07-11T14:52:22.053475+00:00,0.3,BCH/USD,breakout_momentum,long,248.925,248.26,18.321577,-12.18,-0.267,tp,
2026-07-11,14:53:24,14:53:24,2026-07-11T14:53:24.543575+00:00,0.3,BCH/USD,breakout_momentum,long,249.115,248.26,18.299799,-15.65,-0.343,tp,
2026-07-11,14:54:27,14:54:27,2026-07-11T14:54:27.046023+00:00,0.3,BCH/USD,breakout_momentum,long,249.23,248.26,18.28578,-17.74,-0.389,tp,
2026-07-11,14:55:29,14:55:30,2026-07-11T14:55:29.847128+00:00,0.3,BCH/USD,breakout_momentum,long,249.277,249.27,18.276433,-0.13,-0.003,tp,
2026-07-11,15:15:14,15:15:18,2026-07-11T15:15:14.432433+00:00,3.7,ETH/USD,breakout_momentum,long,1819.87,1820.14,2.502686,0.68,0.015,tp,
2026-07-11,15:15:15,15:15:18,2026-07-11T15:15:15.784984+00:00,2.5,LINK/USD,breakout_momentum,long,8.0748,8.06503,564.046478,-5.51,-0.121,tp,
2026-07-11,15:15:17,15:15:18,2026-07-11T15:15:17.404837+00:00,1.0,LTC/USD,breakout_momentum,long,45.23375,45.0828,100.689474,-15.2,-0.334,tp,
2026-07-11,15:16:19,15:16:21,2026-07-11T15:16:19.351095+00:00,2.1,ETH/USD,breakout_momentum,long,1817.8765,1819.9,2.501505,5.06,0.111,tp,
2026-07-11,15:16:20,15:16:21,2026-07-11T15:16:20.153447+00:00,1.4,LINK/USD,breakout_momentum,long,8.06721,8.06503,563.692776,-1.23,-0.027,tp,
2026-07-11,15:16:20,15:16:21,2026-07-11T15:16:20.944390+00:00,0.7,LTC/USD,breakout_momentum,long,45.19035,45.0828,100.628298,-10.82,-0.238,tp,
2026-07-11,15:17:22,15:17:24,2026-07-11T15:17:22.646440+00:00,1.7,ETH/USD,breakout_momentum,long,1817.9815,1819.9,2.497737,4.79,0.106,tp,
2026-07-11,15:18:25,15:18:26,2026-07-11T15:18:25.295328+00:00,1.6,ETH/USD,breakout_momentum,long,1819.0175,1819.9,2.495738,2.2,0.049,tp,
2026-07-11,15:19:27,15:19:29,2026-07-11T15:19:27.850987+00:00,1.8,ETH/USD,breakout_momentum,long,1817.9265,1819.38,2.496473,3.63,0.08,tp,
2026-07-11,15:19:29,15:19:29,2026-07-11T15:19:29.145060+00:00,0.6,LTC/USD,breakout_momentum,long,45.1642,45.0828,100.486779,-8.18,-0.18,tp,
